ucpz_i154_ob,UC_I154_OB
ucpz_awe,NEM_MAIN
ucpz_hcme334,UC_SSNUPD_AE
ucpz_hcme380,UC_E380_EJA
ucpz_hcm_hrreactvter,HR_REACTVTER
ucpz_hcme356,UC_AM_ELIG
ucpz_hcmI704,UC_I704_IB
ucpz_hcme042,UC_BENELG_AE
ucpz_hcme042a,UC_E042A_AE
ucpz_hcme351,UC_E351_AE
ucpz_hcme043,UC_E043_ABBR
ucpz_1_hcme314,UC_CLS_EVENT
ucpz_1_hcme306,UC_AUTO_ENRL
ucpz_hcm_gp1_pspbarun,PSPBARUN
ucpz_2_hcme314,UC_CLS_EVENT
UC_CLS_EVENT,UC_AUTO_ENRL
ucpz_hcm_gp2_pspbarun,PSPBARUN
ucpz_hcm_gp3_pspbarun,PSPBARUN
ucpz_bas027,BAS027
ucpz_bas008,BAS008
ucpz_bas003,BAS003
ucpz_hcme309,UC_WF_NOTIF
ucpz_a_bn_age50_ae,BN_AGE50_AE
ucpz_b_bn_age50_ae,BN_AGE50_AE
ucpz_hcme028,UC_E028_AFEE
ucpz_hcmi606,UC_FILE_AE
ucpz_per099,PER099
ucpz_pers,PERS_REFRESH
ucpz_hcmi110,UC_I110_PYDA
ucpz_hcmi112,UC_I112_INTF
ucpz_hcmi286,UC_I286_DPNT
ucpz_hcmi101,UC_I101_INTF
ucpz_hcmi604,UC_I604_S_OB
ucpz_hcmi607,UC_I607_OB
ucpz_hcmi303,UC_I303_AE
ucpz_hcmi243f,UC_I243F_OB
ucpz_hcmi175,UC_I175_NTF
ucpz_hcmi179,UC_179
ucpz_hcmi104,UC_I104_IB
ucpz_a_hcme384,UC_BATCH_DT
ucpz_b_hcme384,UC_BA_RUNCTL
ucpz_hcmi152,UC_I152_DEPT
ucpz_hcmi275,UC_I275_AE
ucpz_hcmi358,UC_I358_OB
ucpz_hr_drpt_bld,HR_DRPT_BLD
ucpz_sjt_process,SCRTY_SJTDLY
ucpz_sjt_class,SCRTY_CLSUPD
ucpz_sjt_opr_cls,SCRTY_OPRCLS
ucpz_trans_sjt_tables,SCRTY_SJTUPD
ucpz_dyn_role_assign,DYNROLE_PUBL
ucpz_portal_css,PORTAL_CSS
ucpzducop1,pc-mftapp-prod-01
ucpzI152,pc-mftapp-prod-01
ucpzI175,pc-mftapp-prod-01
ucpzI357emp,pc-mftapp-prod-01
ucpzI357job,pc-mftapp-prod-01
ucpzI357org,pc-mftapp-prod-01
ucpzI358,pc-mftapp-prod-01
ucpzI604,pc-mftapp-prod-01
ucpzI607,pc-mftapp-prod-01
ucpzI109,Employee_SSN_Verification
ucpzI110,pc-mftapp-prod-01
ucpzI112,pc-mftapp-prod-01
ucpzI286,pc-mftapp-prod-01
ucpzI606,pc-mftapp-prod-01
ucpMf_I243f-Fidel_prod,pc-mftapp-prod-01
ucpzI372,pc-mftapp-prod-01
ucpzI376,pc-mftapp-prod-01
ucpzI179d_e,pc-mftapp-prod-01
ucpzI179d_u,pc-mftapp-prod-01
ucpzI179f_e,pc-mftapp-prod-01
ucpzI179f_u,pc-mftapp-prod-01
ucpzI103,pc-mftapp-prod-01
ucpMf_I623-AntCh_prod,pc-mftapp-prod-01
ucpMf_I243e-DDHMO_prod,pc-mftapp-prod-01
ucpMf_I243e-DDHMO_wp_prod,pc-mftapp-prod-01
ucpMf_I243e-DDHMO_zar_prod,pc-mftapp-prod-01
ucpMf_I375-HeaEq_prod,pc-mftapp-prod-01
ucpMf_I375-HeaEq_wp_prod,pc-mftapp-prod-01
ucpMf_I375-HeaEq_zar_prod,pc-mftapp-prod-01
ucpMf_I243a-ARAG_prod,pc-mftapp-prod-01
ucpMf_I243a-ARAG_wp_prod,pc-mftapp-prod-01
ucpMf_I243a-ARAG_zar_prod,pc-mftapp-prod-01
ucpMf_I243m-BrHor_prod,pc-mftapp-prod-01
ucpMf_I243m-BrHor_wp_prod,pc-mftapp-prod-01
ucpMf_I243m-BrHor_zar_prod,pc-mftapp-prod-01
ucpMf_I243e-DDPPO_prod,pc-mftapp-prod-01
ucpMf_I243e-DDPPO_wp_prod,pc-mftapp-prod-01
ucpMf_I243e-DDPPO_zar_prod,pc-mftapp-prod-01
ucpMf_I243f-FidelBen_wp_prod,pc-mftapp-prod-01
ucpMf_I243f-FidelPay_wp_prod,pc-mftapp-prod-01
ucpMf_I243f-Fidel_zar_prod,pc-mftapp-prod-01
ucpMf_I243p-HNetW_prod,pc-mftapp-prod-01
ucpMf_I243p-HNetW_wp_prod,pc-mftapp-prod-01
ucpMf_I243p-HNetW_zar_prod,pc-mftapp-prod-01
ucpMf_I243g-Kaisr_prod,pc-mftapp-prod-01
ucpMf_I243g-Kaisr_wp_prod,pc-mftapp-prod-01
ucpMf_I243g-Kaisr_zar_prod,pc-mftapp-prod-01
ucpMf_I243o-VSP_prod,pc-mftapp-prod-01
ucpMf_I243o-VSP_wp_prod,pc-mftapp-prod-01
ucpMf_I243q-WHAW_prod,pc-mftapp-prod-01
ucpMf_I243q-WHAW_wp_prod,pc-mftapp-prod-01
ucpMf_I243q-WHAW_zar_prod,pc-mftapp-prod-01
ucpzI128,pc-mftapp-prod-01
ucpzI181_mft_ucla_to_omcs,pc-mftapp-prod-01
ucpzI101,pc-mftapp-prod-01
ucpzI118,pc-mftapp-prod-01
ucpzI119,pc-mftapp-prod-01
ucpzI120,pc-mftapp-prod-01
ucpzI121,pc-mftapp-prod-01
ucpzI122,pc-mftapp-prod-01
ucpzI124,pc-mftapp-prod-01
ucpzI126,pc-mftapp-prod-01
ucpzI181_mft_ucop_to_omcs,pc-mftapp-prod-01
ucpzI257,pc-mftapp-prod-01
ucpzI171,pc-mftapp-prod-01
UCP_ODS_6_1,Critical Path
UCP_INF_3_1,Critical Path
